{"accuracy": [0.5906999707221985, 0.786466658115387, 0.826533317565918, 0.8478166460990906, 0.8601833581924438, 0.8696833252906799, 0.8792166709899902, 0.8834333419799805, 0.8881999850273132, 0.8939333558082581, 0.8964833617210388, 0.8985000252723694, 0.9037166833877563, 0.9053500294685364, 0.9088166952133179, 0.9089499711990356, 0.9122166633605957, 0.9128666520118713, 0.9149500131607056, 0.9171666502952576, 0.9179666638374329, 0.9197499752044678, 0.9212333559989929, 0.9223333597183228, 0.9233333468437195, 0.9241499900817871, 0.925599992275238, 0.9273499846458435, 0.9280999898910522, 0.9282500147819519, 0.9299666881561279, 0.9303500056266785, 0.9319999814033508, 0.932033360004425, 0.9325000047683716, 0.9336000084877014, 0.9343500137329102, 0.9343666434288025, 0.9366833567619324, 0.9365666508674622, 0.9376166462898254, 0.9389500021934509, 0.9381666779518127, 0.9391833543777466, 0.9399499893188477, 0.9400833249092102, 0.9399166703224182, 0.9407166838645935, 0.940750002861023, 0.9421333074569702], "val_accuracy": [0.8514999747276306, 0.885200023651123, 0.8981999754905701, 0.9060999751091003, 0.911300003528595, 0.9150000214576721, 0.9193999767303467, 0.9223999977111816, 0.9246000051498413, 0.926800012588501, 0.929099977016449, 0.9301999807357788, 0.9312000274658203, 0.9322999715805054, 0.9330000281333923, 0.9337000250816345, 0.9354000091552734, 0.9366000294685364, 0.9376000165939331, 0.9386000037193298, 0.9395999908447266, 0.9405999779701233, 0.9409000277519226, 0.942300021648407, 0.9441999793052673, 0.9444000124931335, 0.9445000290870667, 0.9451000094413757, 0.9455999732017517, 0.9465000033378601, 0.9478999972343445, 0.9480999708175659, 0.9488999843597412, 0.9492999911308289, 0.9498999714851379, 0.9501000046730042, 0.9505000114440918, 0.9516000151634216, 0.9514999985694885, 0.9523000121116638, 0.9526000022888184, 0.9527999758720398, 0.9528999924659729, 0.9532999992370605, 0.9534000158309937, 0.953499972820282, 0.9538999795913696, 0.9539999961853027, 0.9542999863624573, 0.9546999931335449], "loss": [1.3560277223587036, 0.7468814849853516, 0.6068307161331177, 0.5336213707923889, 0.48932790756225586, 0.46199098229408264, 0.4323243498802185, 0.41499167680740356, 0.3985186219215393, 0.38268405199050903, 0.37114495038986206, 0.3602225184440613, 0.3484187126159668, 0.3403549790382385, 0.33091315627098083, 0.3247658908367157, 0.31826314330101013, 0.3120633661746979, 0.30677151679992676, 0.2995767295360565, 0.29493260383605957, 0.2895876169204712, 0.2846306264400482, 0.2812959551811218, 0.27599966526031494, 0.2741340398788452, 0.2693330943584442, 0.26320889592170715, 0.26216888427734375, 0.25922319293022156, 0.25418874621391296, 0.25064191222190857, 0.24855375289916992, 0.2473999708890915, 0.2433764487504959, 0.24026115238666534, 0.2400403618812561, 0.23611047863960266, 0.23273973166942596, 0.23100338876247406, 0.22812870144844055, 0.22428977489471436, 0.22315894067287445, 0.2189422845840454, 0.21781010925769806, 0.21723000705242157, 0.21584762632846832, 0.21516039967536926, 0.21181181073188782, 0.20800507068634033], "val_loss": [0.6893360614776611, 0.484164834022522, 0.4076099693775177, 0.36482179164886475, 0.3371358811855316, 0.31727418303489685, 0.30061212182044983, 0.28790947794914246, 0.2768298387527466, 0.2667732536792755, 0.2586272358894348, 0.2518116235733032, 0.24482321739196777, 0.23898032307624817, 0.23347944021224976, 0.22810348868370056, 0.22331662476062775, 0.21904602646827698, 0.2151641845703125, 0.21076606214046478, 0.2076980471611023, 0.20389047265052795, 0.20083005726337433, 0.1977597028017044, 0.19474446773529053, 0.19196845591068268, 0.18941336870193481, 0.18679462373256683, 0.18460091948509216, 0.18240976333618164, 0.18012003600597382, 0.1779024600982666, 0.17585495114326477, 0.17378033697605133, 0.17162376642227173, 0.17001023888587952, 0.16825655102729797, 0.1663595587015152, 0.16485847532749176, 0.16337226331233978, 0.1616610437631607, 0.16029955446720123, 0.1584506779909134, 0.1570945829153061, 0.15584664046764374, 0.1543862670660019, 0.15347853302955627, 0.1522819846868515, 0.15113478899002075, 0.1495230346918106], "test_loss": 0.1495230346918106, "test_accuracy": 0.9546999931335449}