{"accuracy": [0.9183833599090576, 0.9646166563034058, 0.9737333059310913, 0.9798833131790161, 0.9831333160400391, 0.9860833287239075, 0.9872999787330627, 0.9892500042915344, 0.989983320236206, 0.9900500178337097, 0.9915000200271606, 0.9925500154495239, 0.9928833246231079, 0.9929999709129333, 0.9930833578109741, 0.9937666654586792, 0.9938333630561829, 0.9945999979972839, 0.994949996471405, 0.994533360004425, 0.9954166412353516, 0.9953166842460632, 0.9955499768257141, 0.9957333207130432, 0.9948999881744385, 0.996399998664856, 0.996150016784668, 0.9962999820709229, 0.9961166381835938, 0.996483325958252, 0.9955666661262512, 0.9962999820709229, 0.9964333176612854, 0.996483325958252, 0.9970666766166687, 0.996566653251648, 0.9965333342552185, 0.9967666864395142, 0.9972500205039978, 0.9970666766166687, 0.9970666766166687, 0.9971666932106018, 0.9967833161354065, 0.9976500272750854, 0.9969499707221985, 0.9969333410263062, 0.9968666434288025, 0.997783362865448, 0.9970499873161316, 0.9973333477973938], "val_accuracy": [0.9682999849319458, 0.9713000059127808, 0.9768000245094299, 0.9783999919891357, 0.9757000207901001, 0.9768999814987183, 0.9778000116348267, 0.9787999987602234, 0.982200026512146, 0.9811000227928162, 0.9821000099182129, 0.9782000184059143, 0.9812999963760376, 0.9783999919891357, 0.9797999858856201, 0.9779999852180481, 0.9828000068664551, 0.9807000160217285, 0.9815000295639038, 0.9821000099182129, 0.9829999804496765, 0.9811999797821045, 0.9818000197410583, 0.9803000092506409, 0.9811999797821045, 0.982699990272522, 0.9807000160217285, 0.9818999767303467, 0.9824000000953674, 0.9822999835014343, 0.9824000000953674, 0.9817000031471252, 0.9810000061988831, 0.9815000295639038, 0.9837999939918518, 0.9800999760627747, 0.9832000136375427, 0.982699990272522, 0.9828000068664551, 0.9807999730110168, 0.9815999865531921, 0.9801999926567078, 0.9825000166893005, 0.9815000295639038, 0.9828000068664551, 0.9817000031471252, 0.9829999804496765, 0.9786999821662903, 0.9805999994277954, 0.982200026512146], "loss": [0.28118711709976196, 0.12216553092002869, 0.08707306534051895, 0.06601007282733917, 0.056835319846868515, 0.04510870203375816, 0.040574271231889725, 0.035204920917749405, 0.030638568103313446, 0.03130168467760086, 0.027623092755675316, 0.023878011852502823, 0.024131445214152336, 0.022182464599609375, 0.021449148654937744, 0.019526777788996696, 0.0203945841640234, 0.018756475299596786, 0.01740270107984543, 0.01867719553411007, 0.01675751991569996, 0.01523819100111723, 0.016113488003611565, 0.014139837585389614, 0.018375419080257416, 0.012849484570324421, 0.01520551461726427, 0.012877293862402439, 0.014265508390963078, 0.015520479530096054, 0.017050031572580338, 0.01354784332215786, 0.015045613050460815, 0.012946230359375477, 0.011216426268219948, 0.013164505362510681, 0.013560686260461807, 0.012403531931340694, 0.010606350377202034, 0.011481205001473427, 0.010209308005869389, 0.010303452610969543, 0.01272558979690075, 0.008582052774727345, 0.01029959600418806, 0.011811616830527782, 0.01316580269485712, 0.007375222165137529, 0.011931701563298702, 0.011063066311180592], "val_loss": [0.10108444839715958, 0.09455357491970062, 0.07731962949037552, 0.07474309951066971, 0.08249898999929428, 0.08901925384998322, 0.08653069287538528, 0.09481900930404663, 0.08857790380716324, 0.0913432165980339, 0.08462029695510864, 0.11116701364517212, 0.09721148759126663, 0.13439680635929108, 0.11471661180257797, 0.12970076501369476, 0.10294638574123383, 0.11877629160881042, 0.11749686300754547, 0.11948411911725998, 0.10930570214986801, 0.12770719826221466, 0.12839093804359436, 0.14226625859737396, 0.12907637655735016, 0.13768082857131958, 0.13659150898456573, 0.13785216212272644, 0.13543280959129333, 0.14997124671936035, 0.14458009600639343, 0.15676206350326538, 0.17138060927391052, 0.1534677892923355, 0.1482672244310379, 0.1833852082490921, 0.1645948886871338, 0.1631777286529541, 0.18592560291290283, 0.1664796769618988, 0.16907699406147003, 0.20666621625423431, 0.1788773536682129, 0.18969427049160004, 0.17272739112377167, 0.1981358528137207, 0.1725698560476303, 0.25261610746383667, 0.2072770744562149, 0.20021019876003265], "test_loss": 0.20021019876003265, "test_accuracy": 0.982200026512146}