{"accuracy": [0.7711666822433472, 0.8909833431243896, 0.9119166731834412, 0.9251499772071838, 0.933650016784668, 0.9409000277519226, 0.9460333585739136, 0.9497166872024536, 0.9543833136558533, 0.9569500088691711, 0.9607833623886108, 0.9625166654586792, 0.9648666381835938, 0.9668499827384949, 0.9678666591644287, 0.9696666598320007, 0.9708999991416931, 0.9729666709899902, 0.9739500284194946, 0.9755333065986633, 0.9763166904449463, 0.977150022983551, 0.9783333539962769, 0.9784500002861023, 0.9796333312988281, 0.9807833433151245, 0.981333315372467, 0.9820666909217834, 0.9829999804496765, 0.9833166599273682, 0.9838833212852478, 0.9842833280563354, 0.9853666424751282, 0.9862499833106995, 0.986299991607666, 0.9862499833106995, 0.9866666793823242, 0.9868999719619751, 0.9878833293914795, 0.9883166551589966, 0.9888833165168762, 0.9884333610534668, 0.989466667175293, 0.9898499846458435, 0.9901833534240723, 0.9899666905403137, 0.9904833436012268, 0.9909999966621399, 0.9910500049591064, 0.9912499785423279], "val_accuracy": [0.9133999943733215, 0.9297000169754028, 0.9401999711990356, 0.9463000297546387, 0.9523000121116638, 0.9569000005722046, 0.9599999785423279, 0.961899995803833, 0.9646000266075134, 0.965499997138977, 0.967199981212616, 0.9697999954223633, 0.9704999923706055, 0.9715999960899353, 0.9735999703407288, 0.9733999967575073, 0.9735999703407288, 0.9742000102996826, 0.9757000207901001, 0.975600004196167, 0.9761999845504761, 0.9768000245094299, 0.9769999980926514, 0.9768999814987183, 0.9771999716758728, 0.9783999919891357, 0.9778000116348267, 0.9782000184059143, 0.9782999753952026, 0.9782000184059143, 0.9786999821662903, 0.9787999987602234, 0.9797000288963318, 0.9796000123023987, 0.9789999723434448, 0.9803000092506409, 0.9803000092506409, 0.9804999828338623, 0.9807999730110168, 0.980400025844574, 0.9807999730110168, 0.9811999797821045, 0.9815999865531921, 0.9807000160217285, 0.9810000061988831, 0.9810000061988831, 0.9814000129699707, 0.9817000031471252, 0.9830999970436096, 0.9814000129699707], "loss": [0.7736368775367737, 0.3834882080554962, 0.30917537212371826, 0.26624491810798645, 0.2337215691804886, 0.20878586173057556, 0.19035856425762177, 0.17606039345264435, 0.16288384795188904, 0.1506499946117401, 0.1407616138458252, 0.13108912110328674, 0.1249171644449234, 0.11595989763736725, 0.11181984841823578, 0.10583309084177017, 0.10176093876361847, 0.09500736743211746, 0.09042171388864517, 0.08644269406795502, 0.08301524072885513, 0.07936465740203857, 0.07666581869125366, 0.07497363537549973, 0.07118065655231476, 0.06760058552026749, 0.06660096347332001, 0.06249365583062172, 0.06011994555592537, 0.05799940600991249, 0.05695735663175583, 0.05505730211734772, 0.0516376793384552, 0.05015571415424347, 0.04824075847864151, 0.04726137965917587, 0.046865064650774, 0.04501301795244217, 0.04284137487411499, 0.04092998430132866, 0.04037037491798401, 0.03863610699772835, 0.037569548934698105, 0.03587912768125534, 0.03474271297454834, 0.035088859498500824, 0.03389422968029976, 0.03189878165721893, 0.03147793188691139, 0.03085443191230297], "val_loss": [0.3164581060409546, 0.24276921153068542, 0.2022451013326645, 0.17684662342071533, 0.15836960077285767, 0.1434994786977768, 0.13225296139717102, 0.12261436879634857, 0.11529707163572311, 0.1100882813334465, 0.10317312180995941, 0.09794344007968903, 0.09518624097108841, 0.09065646678209305, 0.08744519203901291, 0.08590232580900192, 0.08350502699613571, 0.08152090013027191, 0.07897315174341202, 0.07716841250658035, 0.07530416548252106, 0.07510732114315033, 0.07263421267271042, 0.07203053683042526, 0.07069051265716553, 0.07017041742801666, 0.06719771027565002, 0.06833522766828537, 0.06555669009685516, 0.06500668078660965, 0.0653705969452858, 0.06370067596435547, 0.06393466889858246, 0.06457622349262238, 0.06389680504798889, 0.062371574342250824, 0.061014410108327866, 0.06088186800479889, 0.062000323086977005, 0.06134576350450516, 0.06097182631492615, 0.0601048469543457, 0.05951761454343796, 0.05998408794403076, 0.05874595418572426, 0.05805390700697899, 0.057915374636650085, 0.05792677029967308, 0.0583709217607975, 0.059194084256887436], "test_loss": 0.059194084256887436, "test_accuracy": 0.9814000129699707}